Spider-Man 3,Sony,61,54,Metamorphosis,Action,4252,35540,336.53,554.341,890.871,258,3.452988372,151.1
Shrek the Third,Paramount,42,57,Quest,Animation,4122,29507,322.719,476.238,798.957,160,4.99348125,121.6
Transformers,Paramount,57,89,Monster Force,Action,4011,17577,319.246,390.463,709.709,150,4.731393333,70.5
Pirates of the Caribbean: At World's End,Disney,45,74,Rescue,Action,4362,26302,309.42,654,963.42,300,3.2114,114.7
Harry Potter and the Order of the Phoenix,Warner Bros.,78,82,Quest,Adventure,4285,17998,292.004,647.881,939.885,150,6.2659,77.1
I Am Legend,Warner Bros.,69,69,Quest,Thriller,3606,21411,256.393,328.956,585.349,150,3.902326667,77.2
The Bourne Ultimatum,Universal,93,91,Pursuit,Thriller,3660,18929,227.471,215.353,442.824,110,4.025672727,69.3
National Treasure: Book of Secrets,Disney,31,72,The Riddle,Thriller,3832,11686,219.964,237.4,457.364,130,3.518184615,44.8
Alvin and the Chipmunks,Fox,26,73,Comedy,Animation,3475,12750,217.326,144.009,361.335,70,5.161928571,44.3
300,Warner Bros.,60,90,Sacrifice,Action,3103,22844,210.614,245.453,456.067,65,7.016415385,70.9
Ratatouille,Disney,97,84,Transformation,Animation,3940,11935,206.445,417.277,623.722,150,4.158146667,47
The Simpsons Movie,Fox,90,78,Maturation,Comedy,3922,18877,183.135,343.936,527.071,75,7.027613333,74
Wild Hogs,Disney,14,72,Transformation,Comedy,3287,12077,168.273,85.351,253.624,90,2.818044444,39.7
Knocked Up,Universal,91,83,Love,Comedy,2871,10690,148.768,70.307,219.075,33,6.638636364,30.7
Juno,Fox,94,89,Maturation,Comedy,1019,10436,143.495,87.916,231.411,7.5,30.8548,10.6
Rush Hour 3,Warner Bros.,20,68,Rescue,Action,3778,12996,140.125,117.896,258.021,140,1.843007143,49.1
Live Free or Die Hard,Fox,79,86,Rescue,Action,3408,9791,134.529,249.002,383.531,110,3.486645455,33.4
Fantastic Four: Rise of the Silver Surfer,Fox,35,55,Monster Force,Action,3959,14663,131.921,157.126,289.047,130,2.223438462,58
American Gangster,Universal,79,87,pursuit,Thriller,3054,14264,130.164,136.3,266.464,100,2.66464,43.6
Enchanted,Disney,93,80,Love,Comedy,3730,9233,127.807,212.68,340.487,85,4.005729412,34.4
Bee Movie,Paramount,52,57,Journey and Return,Animation,3928,9679,126.631,160.963,287.594,150,1.917293333,38
Superbad,Sony,88,87,Comedy,Comedy,2948,11211,121.463,48.408,169.871,20,8.49355,33
I Now Pronounce You Chuck and Larry,Universal,13,73,Comedy,Comedy,3495,9795,120.059,66.012,186.071,85,2.189070588,34.2
Hairspray,Warner Bros.,92,84,Underdog,Musical,3121,8803,118.871,83.676,202.547,75,2.700626667,27.5
Blades of Glory,Paramount,69,66,Rivalry,Comedy,3372,9790,118.594,27.114,145.708,61,2.388655738,33
Ocean's 13,Warner Bros.,70,74,Revenge,Thriller,3565,10135,117.154,194.157,311.311,85,3.662482353,36.1
Ghost Rider,Sony,28,56,Monster Force,Action,3619,12541,115.802,112.935,228.737,110,2.079427273,45.3
Evan Almighty,Universal,23,56,Comedy,Comedy,3604,8654,100.462,72.956,173.418,175,0.99096,31.2
Meet the Robinsons,Disney,66,75,Quest,Animation,3413,7361,97.822,71.51,169.332,100,1.69332,25.1
Norbit,Paramount,9,56,Comedy,Comedy,3136,10904,95.673,63.639,159.312,60,2.6552,34.2
The Bucket List,Warner Bros.,41,81,discovery,Drama,2911,6661,93.466,81.906,175.372,45,3.897155556,19.4
The Game Plan,Disney,27,75,Discovery,Comedy,3103,7396,90.648,57.232,147.88,22,6.721818182,22.9
Beowulf,Paramount,71,52,Journey and Return,Action,3153,8726,82.28,114.113,196.393,150,1.309286667,27.5
Disturbia,Paramount,67,75,Pursuit,Thriller,2925,7598,80.209,37.55,117.759,20,5.88795,22.2
No Country for Old Men,Paramount,95,84,Pursuit,Drama,860,9042,74.283,97.343,171.626,25,6.86504,7.8
The Golden Compass,Warner Bros.,42,55,Rescue,Action,3528,7308,70.107,302.127,372.234,180,2.067966667,25.7
Charlie Wilson's War,Universal,82,73,Discovery,Biography,2575,3750,66.661,52.339,119,75,1.586666667,9.6
Saw IV,Independent,18,70,Escape,Horror,3183,9976,63.3,76.052,139.352,10,13.9352,31.7
Stomp the Yard,Independent,27,83,Maturation,Musical,2051,10645,61.356,14.154,75.51,14,5.393571429,21.9
Surf's Up,Sony,78,64,Discovery,Animation,3528,5000,58.867,90.176,149.043,85,1.753447059,17.6
Halloween,The Weinstein Company,26,64,Pursuit,Horror,3472,7592,58.272,21.981,80.253,20,4.01265,26.4
Tyler Perry's Why Did I get Married,Independent,46,47,Love,Romance,2011,10618,55.204,0.658,55.862,15,3.724133333,21.4
TMNT,,33,63,Monster Force,Action,3110,7799,54.149,41.459,95.608,35,2.731657143,24.3
P.S. I Love You,Independent,21,82,Love,Romance,2454,2641,53.695,103.139,156.834,30,5.2278,6.5
3:10 to Yuma,Lionsgate,88,85,sacrifice,Western,2652,5292,53.606,16.409,70.015,48,1.458645833,14
Sweeney Todd: The Demon Barber of Fleet Street,Warner Bros.,86,81,Revenge,Musical,1249,7446,52.898,99.625,152.523,50,3.05046,9.3
Music and Lyrics,Warner Bros.,63,70,Love,Romance,,,50.572,95.323,145.895,40,3.647375,13.6
Michael Clayton,Independent,90,72,Transformation,Thriller,2511,4131,49.033,43.957,92.99,25,3.7196,10.4
Premonition,Sony,8,55,The Riddle,Drama,2831,6202,47.852,36.294,84.146,20,4.2073,17.6
The Kingdom,,52,78,Quest,Action,2793,6135,47.536,39.121,86.657,80,1.0832125,17.1
Shooter,Paramount,47,82,Pursuit,Action,2806,5175,47.003,48.693,95.696,61,1.568786885,14.5
License to Wed,Warner Bros.,8,55,Love,Comedy,2604,4002,43.799,25.507,69.306,35,1.980171429,10.4
No Reservations,,39,64,Love,Comedy,2425,4826,43.107,49.493,92.6,28,3.307142857,11.7
Alien vs. Predator -- Requiem,Fox,14,37,Monster Force,Horror,2611,3853,41.797,87.087,128.884,40,3.2221,10
There Will Be Blood,Paramount,91,84,Wretched Excess,Drama,885,5502,40.222,35.959,76.181,25,3.04724,4.9
Epic Movie,Independent,2,38,Comedy,Comedy,2801,6644,39.739,47.126,86.865,20,4.34325,18.6
Hitman,Fox,15,61,Quest,Action,2458,5362,39.687,60.278,99.965,17.5,5.712285714,13.2
30 Days of Night,Independent,50,57,Monster Force,Horror,2855,5587,39.568,35.936,75.504,32,2.3595,15.6
Stardust,Paramount,76,86,Quest,Adventure,2540,3610,38.634,96.925,135.559,70,1.936557143,9.16
The Brave One,,43,65,Rivalry,Action,2755,4889,36.793,32.993,69.786,70,0.996942857,13.5
The Heartbreak Kid,Paramount,30,41,Love,Comedy,3229,4342,36.787,90.979,127.766,60,2.129433333,14
Smokin' Aces,Universal,27,64,Pursuit,Action,2218,6599,35.787,21.316,57.103,17,3.359,14.6
Good Luck Chuck,Lionsgate,3,61,Love,Comedy,2612,5226,35.017,24.174,59.191,25,2.36764,13.7
Zodiac,Paramount,89,73,Pursuit,Thriller,2362,5671,33.08,51.705,84.785,65,1.304384615,13.4
Mr. Magorium's Wonder Emporium,Independent,36,56,Transformation,Fantasy,3164,3043,32.061,37.413,69.474,25,2.77896,9.63
We Own the Night,Sony,55,63,Sacrifice,Drama,2362,4583,28.563,26.363,54.926,21,2.61552381,10.8
Mr. Brooks,MGM,56,75,Temptation,Thriller,2453,4083,28.549,19.572,48.121,20,2.40605,10
The Nanny Diaries,The Weinstein Company,33,52,Discovery,Comedy,2629,2845,25.93,21.807,47.737,20,2.38685,7.5
Nancy Drew,Independent,49,61,The Riddle,Thriller,2612,2615,25.612,5.054,30.666,20,1.5333,6.9
The Mist,The Weinstein Company,72,64,Monster Force,Horror,2423,3686,25.594,31.698,57.292,18,3.182888889,8.9
The Reaping,,9,53,Quest,Horror,2603,3851,25.126,37.644,62.77,40,1.56925,10
Grindhouse,The Weinstein Company,82,86,pursuit,Action,2624,4419,25.037,0.384,25.421,53,0.479641509,11.6
Sicko,The Weinstein Company,93,87,quest,Documentary,702,5128,24.54,11.548,36.088,9,4.009777778,3.6
Across the Universe,Independent,54,84,Love,Romance,954,4009,24.343,5.023,29.366,45,0.652577778,3.8
The Hills Have Eyes 2,Independent,11,50,Monster Force,Horror,2447,3958,20.804,16.662,37.466,15,2.497733333,9.7
Vacancy,Sony,55,46,Pursuit,Comedy,2551,2980,19.363,15.937,35.3,19,1.857894737,7.6
Waitress,Independent,89,67,Love,Romance,605,3327,19.074,3.104,22.178,2,11.089,2
Into the Wild,Paramount,82,90,quest,Drama,658,3249,18.354,37.9,56.254,15,3.750266667,2.1
Walk Hard: The Dewey Cox Story,Sony,75,55,Comedy,Comedy,2650,1575,18.317,2.258,20.575,35,0.587857143,4.1
Next,Paramount,29,59,Pursuit,Thriller,2725,2617,18.211,57.855,76.066,70,1.086657143,7.1
Hostel: Part II,Lionsgate,44,45,Escape,Horror,2350,3490,17.609,18.01,35.619,10,3.5619,8.2
The Kite Runner,Paramount,66,85,Maturation,Drama,715,2243,15.8,57.475,73.275,20,3.66375,1.6
Happily N'Ever After,Lionsgate,4,43,Maturation,Animation,2381,2775,15.589,22.496,38.085,47,0.810319149,6.6
The Invasion,Warner Bros.,19,43,Monster Force,Sci-Fi,2776,2143,15.074,25.096,40.17,80,0.502125,5.6
Lions for Lambs,Independent,27,48,Quest,Drama,2215,3025,15.002,48.213,63.215,35,1.806142857,6.7
Daddy Day Camp,Sony,1,63,Comedy,Comedy,2332,1459,13.235,4.962,18.197,6,3.032833333,3.4
Shoot 'Em Up,Warner Bros.,67,66,Pursuit,Action,2108,2711,12.807,14.013,26.82,39,0.687692308,5.7
The Darjeeling Limited,Fox,67,79,Journey and Return,Drama,698,2523,11.902,23.176,35.078,17.5,2.004457143,1.8
In the Land of Women,Warner Bros.,43,72,Transformation,Comedy,2155,2186,11.052,6.509,17.561,10,1.7561,4.7
Dragon Wars (aka D-War),Mediaplex,27,44,Monster Force,Action,2277,2213,10.977,64.131,75.108,75,1.00144,5
Pathfinder: Legend of the Ghost Warrior,,11,41,Rescue,Action,1720,2907,10.232,20.59,30.822,26,1.185461538,5
The Dark Knight,Warner Bros.,94,96,Revenge,Thriller,4366,36283,534.858,469.7,1004.558,185,5.430043243,158.4
Iron Man,Paramount,94,91,Metamorphosis,Action,4105,24024,318.762,266.762,585.524,186,3.147978495,98.62
Indiana Jones and the Kingdom of the Crystal Skull,Paramount,77,59,Pursuit,Action,4260,23507,317.101,469.534,786.635,185,4.252081081,100.1
Hancock,Sony,40,67,Discovery,Action,3965,15789,227.946,396.44,624.386,150,4.162573333,62.6
WALL-E,Disney,96,89,love,Animation,3992,15803,223.808,297.503,521.311,180,2.896172222,63.09
Kung Fu Panda,Paramount,88,83,Underdog,Animation,4114,14642,215.434,416.309,631.743,200,3.158715,60.24
Madagascar: Escape 2 Africa,Paramount,64,73,Journey and Return,Animation,4056,15559,180.01,423.889,603.899,150,4.025993333,63.11
Twilight,Summit,49,82,Love,Romance,3419,20368,192.769,199.846,392.615,37,10.61121622,69.64
Quantum of Solace,MGM,64,62,Revenge,Action,3451,19568,168.368,417.722,586.09,230,2.548217391,67.5
Dr. Seuss' Horton Hears a Who!,Fox,79,75,rescue,Animation,3954,11384,154.529,142.608,297.137,85,3.495729412,45
Sex and the City,Warner Bros.,49,81,love,Comedy,3285,17363,152.647,262.606,415.253,57.5,7.221791304,57.04
Gran Torino,Warner Bros.,80,90,Temptation,Drama,,,148.095,121.862,269.957,33,8.180515152,29.48
Mamma Mia!,Universal,53,76,Love,Comedy,2976,9325,144.13,465.711,609.841,66,9.240015152,27.75
The Chronicles of Narnia: Prince Caspian,Disney,66,78,fish out of water,Action,3929,14007,141.621,278.044,419.665,200,2.098325,55.03
Slumdog Millionaire,Independent,94,90,Underdog,Crime,,,141.319,236.59,377.909,15,25.19393333,4.3
The Incredible Hulk,Universal,67,75,Metamorphosis,Action,3505,15810,134.806,128.62,263.426,137.5,1.915825455,55.14
Wanted,Universal,73,72,Transformation,Action,3175,16040,134.508,206.924,341.432,75,4.552426667,50.93
Get Smart,Warner Bros.,51,73,Pursuit,Action,3911,9891,130.319,100.366,230.685,80,2.8835625,38.7
Four Christmases,Warner Bros.,26,52,love,Comedy,,,120.146,43.587,163.733,80,2.0466625,31.07
Tropic Thunder,Paramount,83,69,fish out of water,Comedy,3319,7777,110.515,77.557,188.072,90,2.089688889,25.81
Bedtime Stories,Disney,25,63,rivalry,Comedy,3681,7457,110.101,102.772,212.873,80,2.6609125,27.5
Bolt,Disney,89,76,rescue,Animation,3651,7182,114.053,195.926,309.979,150,2.066526667,26.2
Marley and Me,Fox,63,77,love,Comedy,3480,10448,143.153,99.563,242.716,55,4.413018182,36.36
The Mummy: Tomb of the Dragon Emperor,Universal,14,40,Quest,Action,3760,10760,102.491,298.636,401.127,145,2.766393103,40.5
Journey to the Center of the Earth,Warner Bros.,61,55,Quest,Action,2811,7477,101.704,140.29,241.994,45,5.377644444,21
Eagle Eye,Paramount,27,72,pursuit,Action,3510,8305,101.44,76.625,178.065,80,2.2258125,29.2
Step Brothers,Sony,54,68,Comedy,Comedy,3094,10000,100.468,27.638,128.106,65,1.970861538,30.94
You Don't Mess with the Zohan,Sony,36,50,fish out of water,Comedy,3462,11130,100.018,99.917,199.935,80,2.4991875,38.53
Yes Man,Warner Bros.,43,72,Transformation,Comedy,3434,5318,97.69,125.55,223.24,70,3.189142857,18.26
"10,000 B.C.",Warner Bros.,9,44,Rescue,Adventure,3410,10518,94.784,175,269.784,105,2.569371429,35.9
Beverly Hills Chihuahua,Disney,41,56,Journey and Return,Adventure,3215,9114,94.514,54.767,149.281,20,7.46405,29.3
High School Musical 3: Senior Year,Disney,65,76,love,Comedy,3623,11601,90.559,162.349,252.908,11,22.99163636,42.03
Pineapple Express,Sony,68,74,Comedy,Action,3072,7567,87.341,14.283,101.624,26,3.908615385,23.2
Valkyrie,MGM,58,66,Sacrifice,Thriller,2711,7756,83.077,117.198,200.275,75,2.670333333,21.03
21,Sony,35,73,quest,Crime,2648,9103,81.159,76.767,157.926,35,4.512171429,24.1
What Happens in Vegas,Fox,28,72,Love,Comedy,3215,6274,80.277,139.098,219.375,35,6.267857143,20.17
Jumper,Fox,16,50,Rescue,Action,3428,7980,80.172,142.059,222.231,82.5,2.693709091,27.4
Cloverfield,Paramount,77,67,Monster Force,Action,3411,11744,80.048,90.715,170.763,25,6.83052,40.1
The Curious Case of Benjamin Button,Warner Bros.,73,81,love,Fantasy,2988,8987,127.509,206.422,333.931,160,2.08706875,26.85
27 Dresses,Fox,40,71,Love,Comedy,3057,7526,76.808,83.45,160.258,30,5.341933333,23.01
Hellboy II: The Golden Army,Universal,87,70,sacrifice,Action,3204,10780,75.986,84.401,160.387,82.5,1.944084848,34.5
The Day the Earth Stood Still,Fox,19,34,Sacrifice,Thriller,3560,8562,79.366,153.726,233.092,100,2.33092,30.5
Vantage Point,Sony,35,61,The Riddle,,3149,7264,72.266,78.895,151.161,40,3.779025,22.87
The Spiderwick Chronicles,Paramount,79,67,fish out of water,Fantasy,3847,4940,71.195,91.644,162.839,92.5,1.760421622,19
Fool's Gold,Warner Bros.,11,53,Quest,Adventure,3125,6909,70.231,41,111.231,72.5,1.53422069,21.6
Role Models,Universal,77,75,Discovery,Comedy,2792,6865,67.294,25.086,92.38,28,3.299285714,19.17
The Happening,Fox,19,29,escape,Thriller,2986,10220,64.506,98.896,163.402,48,3.404208333,30.52
Forgetting Sarah Marshall,Independent,85,75,maturation,Comedy,2798,6791,63.172,42,105.172,30,3.505733333,17.73
Burn After Reading,Relativity Media,78,64,Comedy,Comedy,2651,7215,60.355,103.364,163.719,37,4.424837838,19.13
Baby Mama,Independent,63,59,Discovery,Comedy,2543,6845,60.494,3.669,64.163,70,0.916614286,17.41
Seven Pounds,Sony,27,77,Sacrifice,Drama,2758,5385,69.951,98.216,168.167,55,3.057581818,14.9
Step Up 2: The Streets,Disney,26,81,underdog,Drama,2470,7655,58.017,92.798,150.815,17.5,8.618,18.91
Saw V,Independent,13,63,Monster Force,Crime,3030,9822,56.746,57.117,113.863,10.8,10.54287037,30.1
The Strangers,Relativity Media,44,48,Escape,Horror,2466,8515,52.597,29.793,82.39,9,9.154444444,20.99
The Forbidden Kingdom,Relativity Media,64,65,journey & return,Action,3151,6791,52.075,75.904,127.979,55,2.326890909,21.4
The Tale of Despereaux,Universal,54,46,Rescue,Animation,3104,3255,50.877,36.07,86.947,55,1.580854545,10.1
The House Bunny,Sony,39,54,Discovery,Comedy,2714,5355,48.237,22.205,70.442,25,2.81768,14.53
Nim's Island,Independent,51,50,rescue,Adventure,3513,3760,48.006,52.069,100.075,37,2.70472973,13.2
Australia,Fox,55,69,Fish Out of Water,Adventure,2642,5602,49.554,161.788,211.342,78,2.709512821,14.8
Made of Honor,Sony,13,61,Love,Comedy,2729,5407,46.012,59.95,105.962,40,2.64905,14.76
College Road Trip,Buena Vista,13,56,comedy,Adventure,2706,5026,45.61,5.939,51.549,140,0.368207143,13.6
The Sisterhood of the Traveling Pants 2,Warner Bros.,65,67,Journey and Return,,2707,3945,44.089,0.262,44.351,27,1.64262963,10.68
Speed Racer,Warner Bros.,38,61,Quest,Action,3606,5174,43.945,50,93.945,120,0.782875,18.6
Prom Night,Independent,8,46,escape,Horror,2700,7705,43.869,13.328,57.197,18,3.177611111,20.81
Rambo,Lionsgate,36,70,Rescue,Action,2751,6617,42.754,70.49,113.244,47.5,2.384084211,18.2
"Welcome Home, Roscoe Jenkins",Universal,24,64,discovery,Comedy,2387,6790,42.436,1.214,43.65,35,1.247142857,16.21
Tyler Perry's Meet the Browns,Independent,31,36,Discovery,Drama,2006,10011,41.975,,41.975,20,2.09875,20.08
Nights in Rodanthe,Warner Bros.,31,56,Discovery,Drama,2704,4962,41.85,42.524,84.374,30,2.812466667,13.42
Max Payne,Fox,16,36,Revenge,Action,3376,5225,40.689,44.727,85.416,35,2.440457143,17.6
Righteous Kill,Overture,19,44,The Riddle,Crime,3152,5168,40.081,38.379,78.46,60,1.307666667,16.3
Lakeview Terrace,Sony,46,44,rivalry,Crime,2464,6090,39.263,5.39,44.653,20,2.23265,15
Body of Lies,Warner Bros.,53,65,Temptation,Action,2710,4754,39.394,75.702,115.096,67.5,1.705125926,12.9
Meet the Spartans,Independent,2,31,comedy,Comedy,2605,7104,38.233,46.413,84.646,30,2.821533333,18.51
Harold and Kumar Escape from Guantanamo Bay,Warner Bros.,54,65,escape,Adventure,2510,5939,38.108,5.384,43.492,12,3.624333333,14.91
First Sunday,Sony,13,59,Comedy,Comedy,2213,8004,37.931,0.872,38.803,13,2.984846154,17.7
The Secret Life of Bees,Fox,56,78,Maturation,Drama,1591,6617,37.77,2.177,39.947,11,3.631545455,10.53
Tyler Perry's The Family That Preys,Independent,51,36,Discovery,Drama,2070,8397,37.105,,37.105,10,3.7105,17.38
Death Race,Universal,42,69,escape,Action,2532,4985,36.316,39.361,75.677,45,1.681711111,12.62
Changeling,Independent,62,84,quest,Drama,1850,5055,35.739,77.28,113.019,55,2.054890909,9.4
Star Wars: The Clone Wars,Independent,19,46,sacrifice,Animation,3452,4233,35.161,33.121,68.282,8.5,8.033176471,14.6
Semi-Pro,Warner Bros.,21,41,underdog,Comedy,3121,4830,33.479,10.405,43.884,2.6,16.87846154,15.08
Fireproof,Independent,40,51,love,Drama,839,8148,33.456,0.016,33.472,0.5,66.944,6.84
Drillbit Taylor,Paramount,26,49,Comedy,Comedy,3056,3373,32.862,16.828,49.69,40,1.24225,10.3
The Love Guru,Paramount,14,38,Comedy,Comedy,3012,4617,32.235,8.627,40.862,62,0.659064516,13.91
"Definitely, Maybe",Universal,71,72,Discovery,Comedy,2204,4430,32.241,23.206,55.447,7,7.921,9.76
Milk,Universal,94,88,quest,Biography,36,40385,31.841,22.745,54.586,20,2.7293,1.5
Transporter 3,Independent,36,58,escape,Action,2626,4594,31.715,77.264,108.979,30,3.632633333,12.06
Quarantine,Sony,59,46,Monster Force,Horror,2461,5775,31.691,9.628,41.319,12,3.44325,14.2
Nick and Norah's Infinite Playlist,Sony,73,67,Love,Comedy,2421,4672,31.487,2.018,33.505,10,3.3505,11.31
The Eye,Lionsgate,22,51,Sacrifice,Horror,2436,5101,31.418,25.545,56.963,12,4.746916667,12.4
Zack and Miri Make a Porno,The Weinstein Company,64,70,Love,Romance,3735,3680,31.457,10.647,42.104,24,1.754333333,10.07
Leatherheads,Universal,52,41,Rivalry,Comedy,2769,4580,31.373,9.925,41.298,58,0.712034483,12.7
Mirrors,Independent,14,49,monster force,Horror,2664,4190,30.691,46.797,77.488,35,2.213942857,11.2
Space Chimps,Independent*,36,37,Transformation,Animation,2511,2860,30.105,34.728,64.833,37,1.752243243,7.18
The Bank Job,Independent,78,74,Quest,Thriller,1603,3702,30.06,34.762,64.822,20,3.2411,5.94
Untraceable,Independent,14,56,riddle,Thriller,2368,4795,28.687,23.971,52.658,35,1.504514286,11.4
The Women,Warner Bros.,13,41,Transformation,Drama,2962,3415,26.902,23.105,50.007,16,3.1254375,10.12
One Missed Call,Warner Bros.,0,36,Monster Force,Horror,2240,5585,26.89,18.957,45.847,20,2.29235,12.5
The Other Boleyn Girl,Independent,41,65,tragedy,Drama,1166,7035,26.814,50.898,77.712,40,1.9428,8.2
Street Kings,Fox,37,62,The Riddle,Action,2467,5054,26.418,39.154,65.572,20,3.2786,12.5
Shutter,Fox,7,40,Monster Force,Horror,2753,3794,25.928,21.95,47.878,8,5.98475,10.5
Superhero Movie,The Weinstein Company,15,36,Comedy,Comedy,2960,3212,25.881,45.356,71.237,65,1.095953846,9.51
W.,Lionsgate,60,42,rivalry,Drama,2030,5175,25.534,3.971,29.505,25.1,1.175498008,10.5
Never Back Down,Summit,23,37,Rivalry,Action,2729,3152,24.85,16.776,41.626,21,1.982190476,8.6
Traitor,Liberty Starz,55,66,Pursuit,Thriller,2054,3831,23.53,4.133,27.663,22,1.257409091,7.9
Vicky Cristina Barcelona,The Weinstein Company,82,73,temptation,Romance,692,5427,23.216,73.192,96.408,16,6.0255,3.76
Babylon A.D.,Fox,7,32,quest,Action,3390,2798,22.532,49.576,72.108,45,1.6024,9.5
The X-Files: I Want to Believe,Fox,32,34,monster force,Thriller,3185,3147,20.982,47.386,68.368,35,1.953371429,10.1
Mad Money,Independent,22,51,Comedy,Comedy,2470,3132,20.668,5.743,26.411,22,1.2005,7.74
Appaloosa,Warner Bros.,77,55,Rescue,Action,1045,4833,20.211,7.454,27.665,20,1.38325,5
Igor,Independent,36,42,Temptation,Animation,2339,,19.528,11.218,30.746,30,1.024866667,7.8
My Best Friend's Girl,Lionsgate,14,51,Comedy,Comedy,2604,3174,19.219,22.403,41.622,20,2.0811,8.27
Doubt,Independent,78,75,riddle,Drama,1267,4214,33.446,17.46,50.906,25,2.03624,5.3
The Spirit,Lionsgate,14,29,rivalry,Action,2509,2576,19.806,19.225,39.031,6,6.505166667,6.5
Kit Kittredge: An American Girl,Warner Bros.,78,26,riddle,Drama,,,17.657,,17.657,10,1.7657,3.3
The Ruins,Paramount,46,32,rescue,Horror,2812,2846,17.432,5.295,22.727,25,0.90908,8
88 Minutes,Sony,5,51,The Riddle,Drama,2168,3209,17.213,15.379,32.592,30,1.0864,7
Swing Vote,Disney,36,44,maturation,Comedy,2213,2815,16.289,1.344,17.633,20,0.88165,6.23
Pride & Glory,Warner Bros.,34,54,Temptation,Crime,2585,2423,15.74,15.407,31.147,30,1.038233333,6.26
Bangkok Dangerous,Lionsgate,9,33,pursuit,Action,2650,2937,15.298,27.189,42.487,45,0.944155556,7.8
Disaster Movie,Lionsgate,2,28,Rescue,Comedy,2642,2209,14.19,20.625,34.815,20,1.74075,5.8
The Duchess,Paramount,60,68,Love,Drama,,,13.848,29.457,43.305,13.5,3.207777778,3.3
The Haunting of Molly Hartley,Independent,3,22,sacrifice,Horror,2652,2045,13.559,1.858,15.417,5,3.0834,5.4
Ghost Town,Paramount,85,60,transformation,Comedy,1505,3330,13.367,13.706,27.073,20,1.35365,5.01
Religulous,Lionsgate,70,78,comedy,Documentary,502,6792,13.011,0.627,13.638,2.5,5.4552,3.41
Rachel Getting Married,Independent,85,61,love,Drama,9,32597,12.796,3.826,16.622,12,1.385166667,0.29
The Pirates Who Don't Do Anything,Universal,41,,Fish Out of Water,,,,12.981,0.173,13.154,15,0.876933333,4.25
Under the Same Moon,Weinstein Co.,72,37,Quest,,266,10412,12.59,10.721,23.311,1.7,13.71235294,2.8
Miss Pettigrew Lives for a Day,Independent,78,70,Love,Comedy,535,4655,12.313,4.411,16.724,60,0.278733333,2.49
Soul Men,The Weinstein Company,45,42,Comedy,Comedy,2044,2643,12.082,0.249,12.331,0,,5.4
Meet Dave,Fox,19,42,Fish Out of Water,Adventure,3011,1744,11.803,38.846,50.649,60,0.84415,5.25
The Longshots,Independent,39,39,Quest,Comedy,2089,1953,11.537,0.23,11.767,30,0.392233333,4
"Be Kind, Rewind",New Line,65,57,Comedy,Comedy,808,5013,11.175,19.401,30.576,20,1.5288,4.05
Doomsday,Relativity Media,48,47,Quest,Action,1936,2544,11.008,11.202,22.21,33,0.673030303,4.9
Stop-Loss,Paramount,65,27,Tragedy,Drama,1291,3528,10.915,0.291,11.206,25,0.44824,4.56
Penelope,Summit,52,74,love,Comedy,,,10.011,11.144,21.155,15,1.410333333,3.8
The Express,Independent,62,73,Maturation,Biopic,2808,1625,9.793,0.014,9.807,37.5,0.26152,4.56
Smart People,Independent,50,41,Transformation,Comedy,1106,3700,9.511,2.332,11.843,7,1.691857143,4.09
The Visitor,Independent,92,83,Transformation,Drama,,,9.427,8.651,18.078,4,4.5195,0.09
The Boy in the Striped Pyjamas,Independent,63,84,Tragedy,Drama,,,9.046,31.37,40.416,12.5,3.23328,1.03
Sex Drive,Summit,46,61,Journey and Return,Adventure,2421,1490,8.402,10.353,18.755,19,0.987105263,3.61
Cadillac Records,Sony,67,64,Rags to Riches,Biography,687,5015,8.195,0.684,8.879,12,0.739916667,3.4
Punisher: War Zone,Lionsgate,27,47,Revenge,Action,2508,1703,8.05,2.049,10.099,35,0.288542857,4.3
Miracle at St. Anna,Disney,34,68,quest,Action,1185,2935,7.919,1.404,9.323,45,0.207177778,3.5
City of Ember,Independent,52,48,escape,Adventure,2022,1548,7.873,10.056,17.929,38,0.471815789,3.13
In Bruges,Focus,81,85,Fish Out of Water,Crime,,,7.8,25.593,33.393,15,2.2262,0.46
Expelled: No Intelligence Allowed,,10,42,comedy,Documentary,1052,2824,7.72,,7.72,3.5,2.205714286,2.97
Over Her Dead Body,New Line,15,47,Love,Comedy,,,7.563,13.894,21.457,10,2.1457,4.03
Avatar,Fox,83,92,Metamorphosis,Action,3452,22313,760.5,2021,2781.5,237,11.73628692,77
Transformers: Revenge of the Fallen,Paramount,20,76,Revenge,Action,4234,25736,402.1,434.2,836.3,210,3.982380952,109
Harry Potter and the Half-Blood Prince,Warner Bros.,83,75,Quest,Adventure,4325,17997,302,632,934,250,3.736,77.8
The Twilight Saga: New Moon,Summit,27,78,Love,Drama,4024,35497,296.62,413.2,709.82,50,14.1964,142.8
Up,Disney,98,86,Journey and Return,Animation,3766,18085,293,438.3,731.3,175,4.178857143,68.1
The Hangover,Warner Bros.,79,87,Comedy,Comedy,3269,13759,277.3,190.16,467.46,35,13.356,45
Star Trek,Paramount,94,91,Revenge,Action,3849,19539,257.7,127.95,385.65,140,2.754642857,75.2
The Blind Side,Warner Bros.,65,90,Rags To Riches,Biography,3110,10971,255.959,53.24,309.199,29,10.66203448,34.1
Alvin and the Chipmunks: The Squeakquel,Independent,21,59,Comedy,Animation,3700,13210,219.5,223,440.7,75,5.876,48.8
Sherlock Holmes,Warner Bros.,70,81,The Riddle,Action,3626,17183,209.02,315,524.02,90,5.822444444,62.3
Monsters Vs. Aliens,Paramount,72,65,Monster Force,Animation,4104,14454,198.4,183.2,381.5,175,2.18,59.3
Ice Age: Dawn of the Dinosaurs,Fox,45,72,Quest,Animation,4099,10171,196.57,690.11,886.68,90,9.852,41.7
X-Men Origins: Wolverine,Fox,37,72,Revenge,Action,4099,20751,179.9,193.2,373.1,150,2.487333333,85.1
Night at the Museum: Battle of the Smithsonian,Fox,43,60,Quest,Action,4096,13226,177.2,235.8,413,150,2.753333333,54.2
2012,Sony,39,63,Escape,Action,3404,19165,166.12,603.567,769.687,200,3.848435,65.3
The Proposal,Disney,43,74,Love,Comedy,3056,11004,163.958,153.417,314.7,40,7.8675,33.6
Fast and Furious,Universal,28,76,Revenge,Action,3461,20500,155.1,208,363.1,85,4.271764706,70.9
G.I. Joe: The Rise of Cobra,Paramount,33,62,Pursuit,Action,4007,13654,150.2,152.26,302.1,175,1.726285714,54.7
Paul Blart: Mall Cop,Sony,33,50,Comedy,Action,3144,10125,146.33,36.95,183.28,26,7.049230769,31.8
Taken,Fox,58,83,Pursuit,Action,3183,7765,145,81.8,226.8,25,9.072,24.7
A Christmas Carol,Disney,52,72,Transformation,Animation,3683,8159,137.9,187.43,325.33,200,1.62665,30.1
Angels & Demons,Sony,36,65,The Riddle,Mystery,3527,13100,133.4,352.6,485.9,150,3.239333333,46.2
Terminator Salvation,Warner Bros.,33,64,Monster Force,Action,3530,12056,125.3,246.7,372,200,1.86,42.6
Cloudy with a Chance of Meatballs,Sony,86,70,Comedy,Animation,3119,9716,124.9,118.13,243.03,100,2.4303,30.3
Inglourious Basterds,Universal,88,87,Underdog,Adventure,3135,12024,120.5,200.91,321.41,70,4.591571429,38
G-Force,Disney,22,50,Comedy,Action,3697,8576,119.4,173.38,285.1,150,1.900666667,31.7
District 9,Independent,91,81,Metamorphosis,Action,3049,12251,115.6,95.17,210.77,30,7.025666667,37.4
It's Complicated,Universal,56,63,Love,Comedy,2887,7655,112.73,106.368,219.098,85,2.577623529,22.1
Couples Retreat,Universal,12,47,Comedy,Comedy,3000,11429,109.2,62.63,171.83,60,2.863833333,34.3
Paranormal Activity,Independent,82,56,Monster Force,Horror,760,25813,107.92,85.436,193.356,0.015,12890.4,19.6
Watchmen,Warner Bros.,64,68,Sacrifice,Action,3611,15291,107.5,77.7,185.3,130,1.425384615,55.2
The Princess and the Frog,Disney,84,72,Metamorphosis,Animation,3434,7050,104.4,162.64,267.04,105,2.543238095,24.2
Public Enemies,Universal,67,65,Underdog,Biography,3334,7580,97.1,117,214.1,100,2.141,25.2
Julie & Julia,Sony,74,69,Underdog,Biography,2354,8508,94.12,32.451,126.571,40,3.164275,20
He's Just Not That Into You,Warner Bros.,42,60,Love,Comedy,3175,8751,93.95,84.89,178.84,25,7.1536,27.8
The Ugly Truth,Independent,14,68,Love,Comedy,2882,9579,88.9,116.383,205.283,38,5.402184211,27.6
Up in the Air,Paramount,90,76,Maturation,Drama,1895,5947,83.82,116.383,200.203,25,8.00812,11.2
Knowing,Summit,33,50,Escape,Drama,3332,7384,79.95,103.63,183.58,50,3.6716,24.6
Hannah Montana: The Movie,Disney,44,66,Maturation,Comedy,3118,10367,79.58,75.969,155.549,35,4.444257143,32.3
Where the Wild Things Are,Warner Bros.,73,59,Journey and Return,Adventure,3735,8754,77.23,22.853,100.083,100,1.00083,32.7
Zombieland,Sony,90,87,Monster Force,Action,3036,8147,75.59,26.801,102.391,23.6,4.338601695,24.7
Coraline,Universal,89,77,Journey and Return,Animation,2299,7329,75.28,49.3,124.58,60,2.076333333,16.8
Law Abiding Citizen,Independent,25,77,Revenge,Crime,2890,7280,73.4,53.08,126.48,53,2.386415094,21
Hotel for Dogs,Paramount,46,57,Comedy,Comedy,3271,5201,73,43.965,118.2,35,3.377142857,17
Michael Jackson's This Is It,Sony,81,82,Tragedy,Documentary,3481,6675,72.1,189.092,261.192,60,4.3532,23.3
"I Love You, Man",Paramount,83,72,Comedy,Comedy,2711,6570,71.4,20.196,91.4,40,2.285,17.8
Obsessed,Sony,20,50,Rivalry,Drama,2514,11318,68.26,5.56,73.82,20,3.691,28.6
Race to Witch Mountain,Buena Vista,42,50,Quest,Action,3187,7651,67.17,39.21,106.38,50,2.1276,24.4
The Final Destination,Warner Bros.,29,52,Escape,Horror,3121,8782,66.5,119.689,186.189,40,4.654725,27.4
The Taking of Pelham 1 2 3,Sony,51,60,Rescue,Action,3074,7603,65.45,84.71,150.16,100,1.5016,23.37
Friday the 13th,Paramount,25,52,Monster Force,Horror,3105,13066,65,26.4,91.4,19,4.810526316,40.6
17 Again,Independent,55,70,Maturation,Comedy,3255,7288,64.2,72.1,136.3,20,6.815,23.7
The Time Traveler's Wife,Paramount,38,65,Love,Drama,2988,6233,63.41,37.92,101.33,39,2.598205128,18.6
Bruno,Universal,68,48,Comedy,Comedy,2756,11110,60.1,78.751,130.8,42,3.114285714,30.6
Bride Wars,Fox,11,56,Comedy,Comedy,3226,6528,58.75,55.947,115.15,30,3.838333333,21.1
The Haunting in Connecticut,Lionsgate,17,51,Monster Force,Drama,2732,8420,55.39,22.13,77.52,30,2.584,23
Ghosts of Girlfriends Past,Warner Bros.,27,47,Love,Comedy,3175,4854,55.25,46.97,102.22,50,2.0444,15.4
Funny People,Universal,68,58,Transformation,Comedy,3007,7535,51.85,19.73,71.58,75,0.9544,22.7
My Bloody Valentine 3-D,Lionsgate,57,48,Pursuit,Crime,2534,8383,51.54,49.188,100.728,14,7.194857143,21.2
Old Dogs,Buena Vista,5,49,Comedy,Comedy,3425,4933,49.49,47.26,96.75,35,2.764285714,16.9
Land of the Lost,Universal,26,38,Journey and Return,Drama,3521,5350,49.43,19.339,68.769,100,0.68769,18.8
My Sister's Keeper,Warner Bros.,47,73,Escape,Drama,2606,4774,49.2,46.514,95.714,27.5,3.480509091,12.4
Underworld: Rise of the Lycans,Sony,30,68,Rivalry,Action,2942,7080,45.8,45.55,91.35,35,2.61,20.8
Confessions of a Shopaholic,Disney,24,53,Comedy,Comedy,2507,6010,44.27,64.05,108.3,70,1.55,15
The Lovely Bones,Paramount,32,57,Tragedy,Drama,2563,6635,44,49.507,93.507,65,1.438569231,17
Year One,Sony,14,31,Quest,Adventure,3022,6489,43.33,19.02,62.35,60,1.039166667,19.6
The Unborn,Relativity Media,11,39,Monster Force,Horror,2357,8405,42.67,33.84,76.51,16,4.781875,19.8
Planet 51,Independent,22,45,Comedy,Animation,3035,4048,42.19,63.45,105.64,70,1.509142857,12.3
Drag Me to Hell,Universal,92,61,Monster Force,Horror,2508,6310,42.1,48.7,90.8,30,3.026666667,15.8
Orphan,Warner Bros.,55,65,Escape,Horror,2750,4681,41.59,35.103,76.693,30,2.556433333,12.8
Duplicity,Universal,64,38,Rivalry,Romance,2574,5425,40.57,37.57,78.14,60,1.302333333,14
Surrogates,Buena Vista,39,42,Pursuit,Action,2951,5050,38.57,83.86,122.43,80,1.530375,14.9
Ninja Assassin,Warner Bros.,25,57,Revenge,Action,2503,5320,38.12,23.47,61.59,50,1.2318,13.3
Invictus,Warner Bros.,75,74,Underdog,Biography,2125,4052,37.49,84.74,122.23,60,2.037166667,8.6
State of Play,Universal,84,71,The Riddle,Crime,2803,5020,37.02,50.794,88.3,60,1.47,14.1
Notorious,Fox,50,66,Tragedy,Biography,1638,12514,36.84,7.52,44.36,20,2.218,20.5
The Pink Panther 2,Sony,12,47,Comedy,Adventure,3243,3573,35.92,40.02,75.94,59,1.287118644,11.6
All About Steve,Fox,6,35,Comedy,Comedy,2251,4994,33.86,6.26,40.12,15,2.674666667,11.2
Halloween II,Independent,20,45,Escape,Horror,3025,5405,33.39,6.02,39.41,15,2.627333333,16.3
The Informant!,Warner Bros.,78,42,Comedy,Comedy,2505,4177,33.31,8.45,41.76,22,1.898181818,10.5
The Men Who Stare at Goats,Independent,52,43,Comedy,Comedy,2443,5201,32.4,36.54,68.94,25,2.7576,12.7
(500) Days of Summer,Fox,87,81,Love,Comedy,817,4577,32.39,28.33,60.72,7.5,8.096,3.8
Push,Summit,22,47,Quest,Action,2313,4358,31.81,17.04,48.85,38,1.285526316,10.1
9,Focus,57,58,Sacrifice,Animation,1661,10398,31.74,16.67,48.41,30,1.613666667,10.7
The Soloist,Paramount,56,59,Quest,Drama,2024,4801,31.7,6.612,38.312,60,0.638533333,9.7
Did You Hear About the Morgans?,Sony,12,31,Comedy,Comedy,2718,2434,29.58,55.7,85.28,58,1.470344828,6.6
The Stepfather,Sony,12,48,Rescue,Mystery,2734,4236,29.1,2.13,31.2,20,1.56,11.6
The Uninvited,Paramount,31,52,Monster Force,Drama,2344,4405,28.6,13.027,42.7,,,10.3
Brothers,Lionsgate,61,62,Transformation,Drama,2088,4563,28.5,14.77,43.27,26,1.664230769,9.5
Saw VI,Independent,40,67,Escape,Horror,3036,4650,27.69,40.5,68.19,11,6.199090909,14.1
Dance Flick,Paramount,17,35,Comedy,Action,2450,4344,25.66,5.77,31.43,25,1.2572,10.6
The Fourth Kind,Universal,18,44,Monster Force,Mystery,2527,4840,25.48,22.22,47.7,10,4.77,12.2
The International,Sony,58,39,The Riddle,Action,2364,3947,25.4,34.7,60.1,50,1.202,9.3
Aliens in the Attic,Fox,30,46,Monster Force,Adventure,3106,2578,25.2,32.68,57.88,45,1.286222222,8
Observe and Report,Warner Bros.,51,40,Comedy,Comedy,2727,4040,24,2.96,26.96,18,1.497777778,11
Love Happens,Universal,18,40,Love,Drama,1898,4245,22.96,13.12,36.08,18,2.004444444,8.05
Fame,MGM,25,43,Maturation,Comedy,3096,3234,22.455,54.756,77.211,18,4.2895,10
Fantastic Mr. Fox,Fox,93,80,Rivalry,Animation,2033,3426,21,25.46,46.46,40,1.1615,7
Gamer,Lionsgate,29,43,Revenge,Action,2502,3659,20.53,20.29,40.82,12.5,3.2656,9.15
Nine,Weinstein Co.,37,40,Discovery,Drama,1412,3862,19.67,34.32,53.99,80,0.674875,5.45
Astro Boy,Summit,49,53,Quest,Animation,3014,2224,19.55,20.335,39.885,65,0.613615385,6.7
The Invention of Lying,Warner Bros.,56,47,Love,Comedy,1707,4117,18.45,13.95,32.4,18.5,1.751351351,7
Inkheart,Warner Bros.,39,51,Quest,Adventure,2655,2862,17.3,45.14,62.44,60,1.040666667,7.6
Fired Up!,Independent,22,52,Comedy,Comedy,1810,3030,17.2,1.367,18.6,20,0.93,5.5
The Hurt Locker,Independent,97,83,Quest,Drama,4,36338,17.01,32.21,49.22,15,3.281333333,0.14
Jennifer's Body,Fox,42,37,Monster Force,Comedy,2702,2542,16.2,15.35,31.55,16,1.971875,6.9
Imagine That,Paramount,38,44,Comedy,Comedy,3008,1830,16.12,6.86,22.99,55,0.418,5.5
Adventureland,Miramax,89,56,Maturation,Comedy,1862,3073,16.04,1.12,17.16,9.8,1.751020408,5.7
Armored,Sony,40,34,Temptation,Action,1915,3400,15.988,6.953,16,20,0.8,6.5
A Perfect Getaway,Universal,61,50,Escape,Mystery,2159,2755,15.5,7.33,22.83,14,1.630714286,5.9
The Box,Warner Bros.,46,27,Temptation,Drama,2635,2873,15.1,18.28,33.38,30,1.112666667,7.6
I Love You Beth Cooper,Fox,14,38,Comedy,Comedy,1856,2648,14.8,1.021,15.821,18,0.878944444,4.9
Amelia,Independent,21,35,Quest,Adventure,820,4761,14.245,5.396,19.2,40,0.48,3.9
Cirque du Freak: The Vampire's Assistant,Universal,38,50,Discovery,Action,2754,2285,13.869,25.362,39.231,40,0.980775,6.3
Crank: High Voltage,Lionsgate,62,54,Pursuit,Action,2223,3133,13.7,20.8,34.5,12.9,2.674418605,7
Whip It,Independent,84,73,Maturation,Drama,1721,2702,13,3.589,16,15,1.066666667,4.7
An Education,Sony Classics,94,78,Maturation,Drama,761,1003,12.57,13.52,26.09,7.5,3.478666667,0.76
12 Rounds,Fox,30,52,Rescue,Action,2331,2286,12.23,5.045,17.275,20,0.86375,5.3
Sunshine Cleaning,Independent,72,59,Transformation,Comedy,642,1527,12.06,4.51,16.57,5,3.314,0.9
Sorority Row,Summit,22,38,Pursuit,Horror,2665,1899,11.97,15.24,27.21,12.5,2.1768,5.1
Extract,Miramax,62,37,Comedy,Comedy,1611,2694,10.8,0.025,10.825,7.5,1.443333333,4.3
Not Easily Broken,Independent,34,66,Love,Drama,724,7340,10.6,0.14,10.7,5,2.14,5.3
Pandorum,Independent,28,49,Monster Force,Action,2506,1765,10.3,10.314,17,40,0.425,4.4
Whiteout,Warner Bros.,7,28,Pursuit,Action,2745,1791,10.275,7.565,12.2,35,0.348571429,4.9
Next Day Air,Summit,21,27,Comedy,Action,1138,3613,10,0.145,10,3,3.333333333,4.1
Away We Go,Focus,67,74,Discovery,Comedy,4,32603,9.45,5.44,14.89,21,0.709047619,0.13
Dragonball Evolution,Fox,15,28,Quest,Action,2181,2181,9.36,48.134,58.23,30,1.941,4.8
A Serious Man,Universal,89,64,Love,Drama,6,41890,9.228,22.201,31.429,7,4.489857143,0.25
Everybody's Fine,Miramax,46,55,Discovery,Drama,2133,1806,9.2,7.2,16.4,21,0.780952381,3.9
Street Fighter: The Legend of Chun-Li,Fox,16,28,Revenge,Action,1136,4156,8.742,4.021,12.34,50,0.2468,4.7
My Life in Ruins,Independent,9,43,Comedy,Comedy,1164,2769,8.67,11.79,18.01,17,1.06,3.2
"Pirate Radio (The Boat that Rocked, UK)",Focus,60,72,Comedy,Comedy,882,3293,8.01,28.33,36.34,50,0.7268,2.9
The Road,The Weinstein Company,75,65,Quest,Adventure,111,13534,8.117,19.51,27.627,25,1.10508,1.5
Taking Woodstock,Focus,48,48,Quest,Comedy,1393,2482,7.46,2.515,9.975,29,0.343965517,3.5
Post Grad,Fox,7,31,Maturation,Comedy,1959,1354,6.38,0.034,6.38,15,0.425333333,2.6
Whatever Works,Independent,50,63,Discovery,Comedy,9,29574,5.3,29.791,35.091,15,2.3394,0.26
Bandslam,Summit,79,60,Maturation,Comedy,2121,1052,5.2,7.014,12.1,20,0.61,2.2
127 Hours,Independent,93,84,Escape,Adventure,916,2333,18.33,42.4,60.73,18,3.373888889,2.13
A Nightmare on Elm Street,Warner Bros.,13,40,Monster Force,Horror,3332,9875,63.08,52.59,115.67,35,3.304857143,32.9
Alice in Wonderland,Disney,52,72,Journey and Return,Adventure,3728,31143,334.19,691.276,1025.466,200,5.12733,116.1
All About Steve,Independent,6,35,Comedy,Comedy,2251,4994,33.86,6.26,40.12,15,2.674666667,11.2
Alpha and Omega,Crest,17,41,Journey and Return,Animation,2625,3469,25.107,25.4,50.507,20,2.52535,9.1
Black Swan,Fox,88,86,Wretched Excess,Drama,959,8742,106.954,222.443,329.397,13,25.33823077,8.38
Brooklyn's Finest,Independent,42,47,Temptation,Action,1936,6896,27.163,9.276,36.439,17,2.143470588,13.4
Buried,Independent,86,63,Escape,Drama,11,9115,1.04,18.108,19.148,2,9.574,0.103
Burlesque,Paramount,36,66,Rags to Riches,Drama,3037,3934,39.44,50.079,89.519,55,1.627618182,11.95
Case 39,Independent,23,42,Monster Force,Horror,2211,2420,13.26,14.93,28.19,26,1.084230769,5.4
Cats & Dogs: The Revenge of Kitty Galore,Independent,13,43,Pursuit,Action,3705,3314,43.59,68.9,112.49,85,1.323411765,12.3
Charlie St. Cloud,Universal,27,62,Discovery,Fantasy,2718,4555,31.16,17.028,48.188,44,1.095181818,12.4
City Island,Independent,81,77,Transformation,Comedy,2,16000,6.67,1.204,7.874,6,1.312333333,0.032
Clash of the Titans,Warner Bros.,28,48,Quest,Action,3777,16213,163.214,330,493.214,125,3.945712,61.2
Conviction,Independent,68,71,Rescue,Biography,672,2424,6.79,2.92,9.71,12.5,0.7768,1.62
Cop Out,Warner Bros.,19,45,The Riddle,Action,3150,5781,44.88,10.708,55.588,30,1.852933333,18.21
Country Strong,Sony,20,56,Rags to Riches,Drama,1424,5145,20.218,0.31,20.528,15,1.368533333,7.33
Cyrus,Independent,80,51,Rivalry,Comedy,4,45429,7.47,2.45,9.92,7,1.417142857,0.18
Date Night,Fox,66,58,Pursuit,Comedy,3374,7471,98.711,53.552,152.263,55,2.768418182,25.2
Daybreakers,Lionsgate,67,50,Discovery,Action,2523,6003,30.1,21.31,51.41,20,2.5705,15.1
Dear John,Sony,29,66,Love,Drama,2969,10262,80.01,34.96,114.97,25,4.5988,30.4
Death at a Funeral,Independent,40,48,Comedy,Comedy,2459,6595,42.74,6.31,49.05,21,2.335714286,16.2
Despicable Me,Universal,81,81,Maturation,Animation,3476,16225,251.513,291.6,543.113,69,7.871202899,56.4
Devil,Independent,52,45,Monster Force,Horror,2809,4375,33.6,29.094,62.694,10,6.2694,12.3
Diary of a Wimpy Kid,Independent,53,49,Underdog,Comedy,3077,7191,64,11.7,75.7,15,5.046666667,22.1
Dinner for Schmucks,Paramount,43,47,Comedy,Comedy,2911,8082,73.026,13.829,86.855,69,1.258768116,23.5
Due Date,Warner Bros.,40,56,Comedy,Comedy,3355,9743,100.539,111.241,211.78,50,4.2356,32.69
Easy A,Sony,85,75,Maturation,Comedy,2856,6209,58.4,16.55,74.95,8,9.36875,17.7
Eat Pray Love,Sony,36,46,Journey and Return,Drama,3082,7497,80.57,124.02,204.59,60,3.409833333,23.1
Edge of Darkness,Warner Bros.,55,56,Revenge,Crime,3066,5615,43.31,37.81,81.12,80,1.014,17.2
Extraordinary Measures,CBS,27,55,Underdog,Drama,2549,2359,12.07,3.07,15.14,31,0.488387097,6
Faster,CBS,41,50,Revenge,Action,2454,3873,23.24,12.386,35.626,24,1.484416667,8.52
For Colored Girls,Independent,33,73,Discovery,Drama,2127,9167,37.729,17.32,55.049,21,2.621380952,19.5
From Paris with Love,Independent,38,57,Pursuit,Action,2722,2997,24.08,28.749,52.829,52,1.015942308,8.2
Furry Vengeance,Summit,8,36,Comedy,Comedy,2997,2211,17.63,18.606,36.236,35,1.035314286,6.6
Get Him to the Greek,Universal,73,63,Comedy,Comedy,2697,6515,60.97,30.287,91.257,40,2.281425,17.6
Going the Distance,Warner Bros.,53,56,Love,Comedy,3030,2272,17.8,24.25,42.05,32,1.3140625,6.9
Green Zone,Universal,53,60,Quest,Action,3003,4765,35.05,59.828,94.878,100,0.94878,14.3
Greenberg,Independent,75,40,Transformation,Comedy,3,39384,4.23,1.92,6.15,,,0.11
Grown Ups,Independent,10,59,Comedy,Comedy,3534,11462,162.001,109.429,271.43,80,3.392875,40.5
Gulliver's Travels,Fox,21,31,Journey and Return,Comedy,2546,2477,42.779,194.603,237.382,112,2.119482143,6.3
Harry Potter and the Deathly Hallows Part 1,Warner Bros.,79,87,Quest,Adventure,4125,30307,295,664.3,959.3,125,7.6744,125
Hot Tub Time Machine,MGM,64,57,Journey and Return,Adventure,2754,5091,50.287,14.284,64.571,36,1.793638889,14
How to Train Your Dragon,Paramount,98,90,Underdog,Animation,4055,10785,217.58,277.3,494.88,165,2.999272727,43.7
I Love You Phillip Morris,Independent,71,57,Love,Comedy,100,,2.037,18.685,20.722,15,1.381466667,0.11
Inception,Warner Bros.,86,93,Journey and Return,Action,3792,16557,292.58,532.956,825.536,160,5.1596,62.8
Iron Man 2,Paramount,74,80,Rivalry,Action,4380,29252,312.43,311.5,623.93,200,3.11965,128.1
Jackass 3-D,Paramount,63,72,Comedy,Documentary,3081,16343,117.229,54.456,171.685,20,8.58425,50.4
Jonah Hex,Warner Bros.,13,24,Revenge,Action,2825,1904,10.55,0.36,10.91,47,0.23212766,5.4
Just Wright,Fox,45,58,Love,Comedy,1831,4525,21.54,0.029,21.569,12,1.797416667,8.3
Kick-Ass,Independent,76,83,Rivalry,Action,3065,6469,48.071,48.117,96.188,30,3.206266667,19.8
Killers,Lionsgate,11,45,Love,Action,2859,5539,47.06,51.1,98.16,75,1.3088,15.8
Knight and Day,Fox,53,52,Pursuit,Action,3098,6501,76.42,185.507,261.927,117,2.238692308,20.2
Leap Year,Universal,21,49,Love,Comedy,2511,3665,25.918,6.69,32.608,19,1.716210526,9.2
Legend of the Guardians: The Owls of Ga'Hoole,Warner Bros.,51,65,Rivalry,Animation,3575,4507,55.675,84.398,140.073,80,1.7509125,16.1
Legion,Independent,19,36,Monster Force,Action,2476,7069,40.17,27.75,67.92,26,2.612307692,17.5
Letters to Juliet,Summit,40,62,Love,Comedy,2968,4562,53.03,26.149,79.179,30,2.6393,13.5
Life as We Know It,Independent,28,62,Love,Comedy,3150,4605,53.13,43.03,53.374,52.274,1.021042966,14.5
Little Fockers,Independent,9,40,Comedy,Comedy,3536,8720,148.438,162.211,310.649,100,3.10649,30.83
Love & Other Drugs,Fox,48,55,Love,Comedy,2455,3967,32.367,70.435,102.802,30,3.426733333,9.74
MacGruber,Independent,47,33,Comedy,Action,2551,1585,8.53,0.797,9.327,10,0.9327,4
Machete,Independent,73,66,Revenge,Action,2670,4276,26.59,17.499,44.089,20,2.20445,11
Marmaduke,Fox,9,46,Rivalry,Comedy,3213,3610,33.64,50.117,83.757,50,1.67514,11.6
Megamind,Paramount,72,73,Transformation,Animation,3944,11668,148.415,173.469,321.884,130,2.476030769,46.02
Morning Glory,Independent,54,54,Comedy,Comedy,2518,3655,31.01,29.029,60.039,40,1.500975,9.2
My Soul to Take,Relativity Media,9,29,Monster Force,Horror,2572,2660,14.74,6.231,20.971,25,0.83884,6.84
Nanny McPhee Returns,Universal,77,54,Comedy,Comedy,2784,3020,29.01,64.23,93.24,35,2.664,8.4
Never Let Me Go,Independent,70,70,Tragedy,Drama,4,,2.43,7.02,9.45,15,0.63,0.11
Our Family Wedding,Independent,14,49,Love,Comedy,1605,4754,20.26,1.153,21.413,,,7.6
Paranormal Activity 2,Paramount,,,Monster Force,Horror,3216,12649,84.752,92.759,177.511,3,59.17033333,40.67
Percy Jackson & the Olympians: The Lightning Thief,Fox,50,57,Rivalry,Action,3356,9308,88.77,137.73,226.5,95,2.384210526,31.2
Piranha 3-D,The Weinstein Company,74,45,Monster Force,Comedy,2470,4092,25.003,58.185,83.188,24,3.466166667,10.1
Please Give,Sony,88,62,Comedy,Comedy,,,4.03,0.279,4.309,3,1.436333333,0.1
Predators,Fox,64,52,Monster Force,Action,2669,9277,52,75.232,127.232,40,3.1808,24.8
Prince of Persia: The Sands of Time,Disney,36,71,Rivalry,Action,3646,8254,90.759,245.606,336.365,200,1.681825,30
Red,Summit,71,72,Rivalry,Action,3255,6686,90.38,108.626,199.006,58,3.431137931,21.8
Remember Me,Summit,28,70,Love,Drama,2212,3657,19.07,36.964,56.034,16,3.502125,8
Repo Men,Universal,22,43,Rescue,Action,2521,2430,13.79,4.62,18.41,32,0.5753125,6.1
Resident Evil: Afterlife,Highlight Communications,24,53,Monster Force,Action,3203,8320,60.13,236.09,296.22,60,4.937,26.7
Robin Hood,Universal,42,59,Rivalry,Action,3503,10295,105.269,216.4,321.669,200,1.608345,36
Salt,Sony,62,62,Revenge,Action,3612,9970,118.311,175.191,293.502,110,2.6682,36
Saw 3-D,Independent,10,47,Escape,Crime,2808,8024,45.71,90.44,136.15,20,6.8075,22.53
Scott Pilgrim vs. the World,Universal,81,83,Underdog,Action,2818,3765,31.52,16.14,47.66,60,0.794333333,10.6
Sex and the City 2,Warner Bros.,15,49,Love,Comedy,3445,8999,95.347,193,288.347,100,2.88347,31
She's Out of My League,Paramount,57,60,Love,Comedy,2956,3307,32.01,17.768,49.778,20,2.4889,9.8
Shrek Forever After,Paramount,57,64,Journey and Return,Animation,4359,16251,238.74,513.864,752.604,165,4.561236364,70.8
Shutter Island,Paramount,68,73,The Riddle,Drama,2991,13729,128.012,166.79,294.802,80,3.685025,41
Skyline,Independent,16,19,Monster Force,Action,2880,4060,21.39,45.427,66.817,10,6.6817,11.69
Solitary Man,Independent,81,47,Wretched Excess,Comedy,4,23734,4.36,0.818,5.178,15,0.3452,0.09
Step Up 3D,Summit,46,67,Transformation,Drama,2435,6494,42.4,116.891,159.291,30,5.3097,15.8
Stone,Independent,49,20,Rivalry,Drama,6,12628,1.81,7.669,9.479,22,0.430863636,0.075
Takers,Sony,27,57,Rivalry,Action,2206,9298,57.74,11.31,69.05,32,2.1578125,20.5
Tangled,Disney,89,88,Love,Animation,3603,13535,200.821,390.973,591.794,260,2.276130769,48.77
The A-Team,Fox,47,71,Pursuit,Action,3535,7262,77.22,100.016,177.236,100,1.77236,25.7
The American,Universal,66,37,Rivalry,Crime,2823,4668,35.606,32.269,67.875,20,3.39375,13.1
The Back-up Plan,CBS,20,47,Love,Comedy,3280,3720,37.49,39.987,77.477,35,2.213628571,12.2
The Book of Eli,Independent,48,68,Quest,Action,3111,10540,94.835,62.272,157.107,80,1.9638375,32.7
The Bounty Hunter,Sony,7,41,Rivalry,Action,3074,6729,67.061,69.272,136.333,40,3.408325,20.7
The Chronicles of Narnia: The Voyage of the Dawn Treader,Fox,49,63,Quest,Adventure,3555,6752,104.386,311.299,415.685,155,2.68183871,24
The Crazies,Liberty Starz,72,54,Monster Force,Horror,2476,6489,39.12,15.683,54.803,20,2.74015,16.07
The Expendables,Independent,40,58,Pursuit,Action,3270,10650,103.068,171.401,274.469,82,3.347182927,34.8
The Fighter,Paramount,91,88,Underdog,Drama,2503,4848,93.617,35.537,129.154,25,5.16616,12
The Ghost Writer,Summit,83,68,The Riddle,Mystery,819,2520,15.54,44.68,60.22,45,1.338222222,2
The Joneses,Independent,61,47,Temptation,Comedy,,,1.48,0.49,1.97,10,0.197,0.51
The Karate Kid,Sony,66,75,Underdog,Action,3663,15197,176.59,182.53,359.12,40,8.978,55.7
The Kids Are All Right,Independent,94,72,Comedy,Comedy,847,4162,20.81,13.894,34.704,4,8.676,3.5
The King's Speech,Independent,95,93,Maturation,Biography,700,6406,138.79,275.414,414.204,15,27.6136,4.4
The Last Airbender,Paramount,6,42,Quest,Action,3169,12725,131.772,187.941,319.713,150,2.13142,40.3
The Last Exorcism,Independent,73,32,Monster Force,Drama,2874,7087,41.03,26.703,67.733,1.8,37.62944444,20.4
The Last Song,Disney,19,66,Discovery,Drama,2673,5989,62.95,26.09,89.04,20,4.452,16
The Losers,Warner Bros.,47,55,Revenge,Action,2936,3204,23.59,5.79,29.38,25,1.1752,9.4
The Next Three Days,Lionsgate,51,66,Rescue,Crime,2564,2552,21.15,46.3,67.45,30,2.248333333,6.54
The Other Guys,Sony,78,57,Comedy,Action,3651,9735,119.219,51.212,170.431,100,1.70431,35.5
The Runaways,Independent,68,56,Maturation,Biography,244,3300,3.57,1.107,4.677,10,0.4677,0.8
The Social Network,Sony,96,89,Rags to Riches,Biography,2771,8100,96.962,127.957,224.919,50,4.49838,22.4
The Sorcerer's Apprentice,Disney,42,57,Pursuit,Action,3504,5028,63.15,152.13,215.28,150,1.4352,17.6
The Spy Next Door,Relativity Media,13,46,Rivalry,Action,2924,3326,24.31,20.929,45.239,,,9.7
The Switch,Independent,52,44,Comedy,Comedy,2012,4193,27.78,22.051,49.831,19,2.622684211,8.4
The Tourist,Sony,20,44,,Thriller,2756,5977,67.631,210.715,278.346,100,2.78346,16
The Town,Warner Bros.,94,83,Rivalry,Crime,2856,8322,92.186,61.839,154.025,37,4.162837838,23.8
The Twilight Saga: Eclipse,Summit,50,74,Monster Force,Drama,4468,14510,300.53,397.959,698.489,68,10.27189706,64.8
The Wolfman,Universal,33,38,Monster Force,Drama,3222,9770,61.98,77.81,139.79,150,0.931933333,31.5
Tooth Fairy,Fox,16,46,Comedy,Comedy,3344,4190,60.02,52.44,112.46,48,2.342916667,14
Toy Story 3,Disney,99,91,Rescue,Animation,4028,27385,415,648.16,1063.16,200,5.3158,110.3
Tron: Legacy,Independent,50,67,Fish Out Of Water,Action,3451,12578,172.062,228,400.062,170,2.353305882,44.03
True Grit,Paramount,96,86,Revenge,Adventure,3047,8149,171.243,81.03,252.273,38,6.638763158,24
Unstoppable,Fox,86,73,Rescue,Action,3207,7075,81.56,86.242,167.802,95,1.766336842,22.69
Valentine's Day,Warner Bros.,17,54,Love,Comedy,3655,15351,110.485,106,216.485,52,4.163173077,56.2
Vampires Suck,Independent,4,32,Comedy,Comedy,3233,3774,36.66,43.886,80.546,20,4.0273,12.2
Wall Street: Money Never Sleeps,Independent,54,43,Rivalry,Drama,3565,5333,52.47,82.273,134.743,70,1.9249,19
When in Rome,Disney,15,44,Love,Comedy,2456,5029,32.68,10.36,43.04,,,12.3
Why Did I Get Married Too?,Lionsgate,27,67,Comedy,Comedy,2155,13591,60.09,0.58,60.67,20,3.0335,29.3
Winter's Bone,Independent,94,73,Quest,Drama,,,6.531,7.3,13.831,2,6.9155,0.8
Yogi Bear,,14,36,,Comedy,3515,4669,100.246,101.338,201.584,80,2.5198,16.4
You Again,Independent,18,45,Comedy,Comedy,2548,3300,25.7,6.303,32.003,20,1.60015,8.4
You Will Meet a Tall Dark Stranger,Independent,43,35,Love,Comedy,402,,3.24,31.027,34.267,22,1.557590909,0.16
Youth in Revolt,The Weinstein Company,68,52,Love,Comedy,1873,3678,15.28,4.369,19.649,18,1.091611111,6.9
30 Minutes or Less,Independent,43,48,Comedy,Comedy,2888,4616,37.053,3.493,40.546,28,1.448071429,13.33
50/50,Independent,93,93,Discovery,Comedy,2458,3517,35.014,4.173,39.187,8,4.898375,8.644
A Dangerous Method,Independent,79,89,Love,Drama,,,5.704,21.757,27.461,20,1.37305,0.167
A Very Harold and Kumar Christmas,Lionsgate,72,71,Comedy,Comedy,2875,4506,35.061,0.326,35.387,19,1.862473684,12.954
Abduction,Vertigo Entertainment,4,46,Maturation,Action,3118,3504,28.087,54,82.087,35,2.345342857,10.925
Anonymous,Relativity Media,46,66,Tragedy,Drama,265,3856,4.463,10.931,15.394,30,0.513133333,1.021
Another Earth,Independent,63,74,Temptation,Fantasy,,,1.321,0.45,1.771,0.2,8.855,0.077
Apollo 18,Weinstein Company,23,31,Monster Force,Horror,3328,2615,17.687,7.875,25.562,5,5.1124,8.704
Arthur,Warner Bros,26,49,Sacrifice,Comedy,3276,3731,33.035,12.7,45.735,40,1.143375,12.22
Arthur Christmas,Aardman Animations,92,82,Journey and Return,Animation,3376,3537,46.46,100.95,147.41,150,0.982733333,12.068
Average,,54.9,62.46153846,,,2732.616,8501.64,69.01207634,110.1856667,174.9954656,57.07538462,3.066040936,21.56006154
Bad Teacher,Independent,44,38,Comedy,Comedy,3049,10365,100.292,115.904,216.196,20,10.8098,31.603
Battle: Los Angeles,Relativity Media,35,50,Monster Force,Action,3417,10411,83.552,128.266,211.818,70,3.025971429,35.573
Beastly,CBS Films,19,50,Metamorphosis,Romance,1952,5047,27.865,15.3,43.165,17,2.539117647,9.851
Beginners,Independent,84,80,Love,Comedy,5,28268,5.79,8.52,14.31,3.2,4.471875,0.141
Bridesmaids,Relativity Media,90,77,Rivalry,Comedy,2918,8995,169.106,119.276,288.382,32.5,8.873292308,26.247
Captain America: The First Avenger,Disney,78,75,Metamorphosis,Action,3715,17512,176.654,193.915,370.569,140,2.646921429,65.058
Cars 2,Pixar,38,56,Fish Out Of Water,Animation,4115,16072,191.45,368.4,559.85,200,2.79925,66.135
Cedar Rapids,20th Century Fox,86,61,Maturation,Comedy,15,20198,6.861,,6.861,10,0.6861,0.302
Colombiana,Sony,28,55,Revenge,Action,2614,3982,36.665,24.3,60.965,40,1.524125,10.408
Conan the Barbarian,Lionsgate,22,34,Quest,Action,3015,3324,21.295,27.5,48.795,90,0.542166667,10.021
Contagion,Warner Bros,84,63,The Riddle,Thriller,3222,6935,75.658,59.8,135.458,60,2.257633333,22.403
Cowboys and Aliens,Universal,44,50,Monster Force,Action,3750,9715,100.24,74.581,174.821,163,1.072521472,36.431
"Crazy, Stupid, Love",Warner Bros,78,81,Discovery,Romance,3020,6326,84.351,58.5,142.851,50,2.85702,19.104
Diary of a Wimpy Kid 2: Rodrick Rules,20th Century Fox,47,63,Comedy,Comedy,3167,7500,52.698,19.718,72.416,21,3.448380952,23.751
Dolphin Tale,Independent,84,81,Quest,Drama,3507,5461,72.29,23.117,95.407,37,2.578567568,19.152
Don't Be Afraid Of The Dark,Miramax Films,59,37,Monster Force,Horror,2760,3089,24.046,12.946,36.992,25,1.47968,8.525
Dream House,Morgan Creek Productions,7,38,The Riddle,Horror,2661,3055,21.302,17.2,38.502,50,0.77004,8.129
Drive,Independent,93,79,Rivalry,Thriller,2886,3929,35.06,41.114,76.174,15,5.078266667,11.34
Drive Angry,Independent,45,38,Rescue,Action,2290,2265,10.721,18.21,28.931,45,0.642911111,5.187
Dylan Dog: Dead of Night,Independent,6,28,Monster Force,Horror,,,1.186,3.447,4.633,20,0.23165,0.754
Everything Must Go,Reliance Entertainment,74,53,Discovery,Drama,218,3652,2.711,,2.711,5,0.5422,0.791
Extremely Loud and Incredibly Close,Warner Bros.,47,62,,Drama,2630,3820,31.847,23.4,55.247,40,1.381175,10.04
Fast Five,Universal,78,83,Escape,Action,3644,23655,209.4,416.3,626.13,125,5.00904,86.19
Final Destination 5,New Line Cinema,61,56,Monster Force,Horror,3155,5715,42.587,115.3,157.887,40,3.947175,18.031
Footloose,Spyglass Entertainment,71,71,Transformation,Drama,3549,4383,51.802,11.74,63.542,24,2.647583333,15.556
Friends With Benefits,Warner Bros,71,68,Temptation,Romance,2926,6364,55.802,93.739,149.541,35,4.2726,18.622
Fright Night,DreamWorks,75,68,Rivalry,Horror,3114,2477,18.302,22.7,41.002,30,1.366733333,7.714
Gnomeo and Juliet,Disney,56,52,Love,Animation,2994,8469,99.967,94,193.967,36,5.387972222,25.356
Green Lantern,Warner Bros,27,48,Metamorphosis,Action,3816,13935,116.601,103.25,219.851,200,1.099255,53.174
Hall Pass,Warner Bros,35,44,Temptation,Comedy,2950,4588,45.06,38.1,83.16,36,2.31,13.535
Hanna,Universal,71,67,Quest,Action,2535,4880,40.259,23.522,63.781,30,2.126033333,12.37
Happy Feet 2,Village Roadshow Pictures,41,59,Journey and Return,Animation,3606,5889,64.01,86.4,150.41,135,1.114148148,21.237
Harry Potter and the Deathly Hallows Part 2,Warner Bros,96,92,Rivalry,Fantasy,4375,38672,381.011,960.5,1341.511,125,10.732088,169.189
Hop,Relativity Media,26,50,Fish Out Of Water,Animation,3579,10490,108.085,75.868,183.953,63,2.919888889,37.543
Horrible Bosses,Warner Bros,69,72,Revenge,Comedy,3040,9310,117.538,92.1,209.638,35,5.989657143,28.3
Hugo,Paramount,93,84,,Adventure,1277,8899,73.864,111.905,185.769,150,1.23846,11.36
I Am Number Four,Paramount,32,57,Maturation,Thriller,3154,6167,55.1,94.778,149.878,60,2.497966667,19.449
Immortals,Relativity Media,36,59,Revenge,Action,3112,10349,83.504,143.4,226.904,75,3.025386667,32.206
In Time,Regency Enterprises,38,55,The Riddle,Thriller,3122,3860,37.52,136.41,173.93,40,4.34825,12.05
Insidious,Sony,67,65,Monster Force,Horror,2408,5511,54.009,43,97.009,1.5,64.67266667,13.271
J.Edgar,Warner Bros,42,84,Wretched Excess,Drama,1910,5873,37.306,47.3,84.606,35,2.417314286,11.217
Jack and Jill,Happy Madison,4,59,Comedy,Comedy,3438,7273,74.16,75.52,149.68,79,1.894683544,25.003
Jane Eyre,Universal,85,77,Love,Romance,,,11.242,23.467,34.709,,,0.182
Johnny English Reborn,Relativity Media,38,55,Comedy,Comedy,1552,2470,8.305,151.772,160.077,45,3.557266667,3.833
Just Go With It,Happy Madison,19,63,Comedy,Romance,3548,8601,103.028,111.917,214.945,80,2.6868125,30.514
Killer Elite,Independent,25,48,Rivalry,Action,2986,3132,25.124,31.258,56.382,70,0.805457143,9.352
Kung Fu Panda 2,DreamWorks Animation,82,80,Rivalry,Animation,3925,12142,165.249,500.443,665.692,150,4.437946667,47.656
Larry Crowne,Universal,34,46,Discovery,Drama,2973,4405,35.608,36.4,72.008,30,2.400266667,13.096
Limitless,Virgin,69,73,Wretched Excess,Thriller,2756,6860,79.249,82.6,161.849,27,5.994407407,18.907
Machine Gun Preacher,Lionsgate,29,71,Transformation,Action,,,0.538,0.565,1.103,30,0.036766667,0.045
Margin Call,Independent,86,73,Sacrifice,Thriller,,,5.354,14.15,19.504,3.5,5.572571429,0.561
Mars Needs Moms,Disney,36,43,Rescue,Animation,3117,2218,21.392,17.6,38.992,150,0.259946667,6.914
Midnight in Paris,Sony,93,84,Love,Romance,944,6177,56.817,94.302,151.119,17,8.889352941,5.83
Mission Impossible 4,Paramount,93,86,Pursuit,Action,3448,8672,209.39,485.32,694.71,145,4.791103448,29.55
Moneyball,Columbia,95,89,Underdog,Drama,2993,6516,75.6,34.6,110.2,50,2.204,19.501
Monte Carlo,20th Century Fox,38,50,Love,Romance,2473,3014,23.186,16.48,39.666,20,1.9833,7.453
Mr. Popper's Penguins,20th Century Fox,47,54,Discovery,Comedy,3339,5524,68.224,119.137,187.361,55,3.406563636,18.445
My Week with Marilyn,The Weinstein Company,83,84,Love,Drama,247,7174,14.6,20.457,35.057,10,3.5057,1.75
New Year's Eve,Warner Bros.,8,48,Love,Romance,3505,3714,54.54,87.5,142.04,56,2.536428571,13.01
No Strings Attached,Spyglass Entertainment,49,57,Comedy,Comedy,3018,6512,70.662,78.565,149.227,25,5.96908,19.7
One Day,Independent,37,54,Love,Romance,1719,2955,13.843,45.545,59.388,15,3.9592,5.079
Our Idiot Brother,The Weinstein Company,68,79,Comedy,Comedy,2555,2744,24.816,,24.816,5,4.9632,7.01
Paranormal Activity 3,Independent,68,58,Monster Force,Horror,3321,15829,104.028,103.011,207.039,5,41.4078,52.568
Paul,Relativity,72,70,Comedy,Comedy,2802,4655,37.412,60.571,97.983,40,2.449575,13.043
"Pirates of the Caribbean:
On Stranger Tides",Disney,34,61,Quest,Action,4155,21697,241.071,804.64,1045.711,250,4.182844,90.151
Priest,Sony,17,37,Monster Force,Action,2864,5221,29.136,49.172,78.308,60,1.305133333,14.953
Puss In Boots,DreamWorks,83,76,Quest,Animation,3952,8623,149.26,405.726,554.986,130,4.269123077,34.077
Rango,Paramount,88,69,Fish Out Of Water,Animation,3917,9722,123.477,122.246,245.723,135,1.82017037,38.079
Real Steel,DreamWorks Pictures,58,81,Underdog,Action,3440,7942,85.468,213.8,299.268,110,2.720618182,27.319
Red Riding Hood,Warner Bros,11,41,Monster Force,Horror,3030,4622,37.662,51.5,89.162,42,2.122904762,14.005
Red State,Independent,57,59,Escape,Horror,,,1.104,?,1.104,4,0.276,
Rio,20th Century Fox,71,73,Quest,Animation,3826,10252,143.619,341.015,484.634,90,5.384822222,39.225
Rise of the Planet of the Apes,20th Century Fox,83,87,Revenge,Action,3648,15024,176.704,305.04,481.744,93,5.180043011,54.806
Sanctum,Relativity Media,30,39,Quest,Action,2787,3390,23.209,85.4,108.609,30,3.6203,9.4
Scream 4,Weinstein Company,58,57,Monster Force,Horror,3305,5656,38.18,58.957,97.137,40,2.428425,18.692
Season Of The Witch,Relativity,10,32,Monster Force,Action,2816,3769,24.827,66.8,91.627,40,2.290675,10.6
Shame,Independent,80,80,,Drama,10,34952,3.09,13.784,16.874,6.5,2.596,0.34
Shark Night 3D,Relativity,16,25,Escape,Horror,2806,2995,18.877,21.259,40.136,25,1.60544,8.404
Sherlock Holmes 2,Warner Bros,60,79,Pursuit,Action,3703,10704,186.85,358.6,545.45,125,4.3636,39.63
Something Borrowed,Independent,?,?,Love,Romance,2904,4802,39.046,21.137,60.183,35,1.719514286,13.945
Soul Surfer,Sony,46,79,Underdog,Drama,2214,4789,43.853,3.235,47.088,18,2.616,10.6
Source Code,Summit Entertainment,92,81,The Riddle,Thriller,2961,5002,54.712,92.62,147.332,32,4.604125,14.812
Spy Kids: All The Time in the World,Weinstein Company,22,40,Quest,Action,3295,3534,38.538,47.026,85.564,27,3.169037037,11.644
Sucker Punch,Legendary Pictures,23,48,Quest,Action,3033,6284,36.392,53.4,89.792,82,1.09502439,19.058
Super 8,Paramount,82,78,Monster Force,Horror,3379,10492,127.004,133.091,260.095,50,5.2019,35.451
Take Me Home Tonight,Relativity,28,46,Discovery,Comedy,2003,1730,6.928,,6.928,25,0.27712,3.464
Take Shelter,Independent,92,85,Sacrifice,Drama,,,1.73,1.396,3.126,5,0.6252,0.052
The Adjustment Bureau,Independent,72,67,Sacrifice,Thriller,2840,7450,62.495,65.373,127.868,50.2,2.547171315,21.157
The Adventures of Tintin,Paramount,74,78,Quest,Adventure,3087,3149,77.591,296.402,373.993,130,2.876869231,9.72
The Artist,Weinstein Company,97,91,,Drama,662,3583,44.671,88.761,133.432,16,8.3395,2.37
The Beaver,Summit Entertainment,62,57,Transformation,Drama,22,4890,0.97,5.4,6.37,21,0.303333333,0.107
The Big Year,Independent,38,62,Transformation,Comedy,2150,1513,7.204,0.244,7.448,41,0.181658537,3.251
The Change Up,Relativity Media,24,53,Metamorphosis,Comedy,2913,4645,37.081,38.368,75.449,52,1.450942308,13.531
The Company Men,Weinstein Company,66,55,Discovery,Drama,106,6111,4.441,0.441,4.882,15,0.325466667,0.64
The Conspirator,Independent,56,65,Underdog,Drama,707,4960,11.538,3.94,15.478,25,0.61912,3.506
The Debt,Universal,76,70,Pursuit,Thriller,1826,5427,31.177,14.458,45.635,20,2.28175,9.909
The Descendants,20th Century Fox,89,88,Discovery,Drama,876,5000,82.584,94.659,177.243,20,8.86215,4.38
The Dilemma,Spyglass Entertainment,23,31,Comedy,Comedy,2940,6060,48.475,21.246,69.721,70,0.996014286,17.8
The Eagle,Universal,39,43,Quest,Action,2296,3782,19.49,7.631,27.121,25,1.08484,8.684
The Girl With The Dragon Tattoo,Sony,87,89,,Thriller,2914,4382,102.06,130.101,232.161,90,2.579566667,12.76
The Green Hornet,Columbia,44,47,Rivalry,Action,3584,9335,98.78,129.037,227.817,120,1.898475,33.5
The Hangover Part II,Legendary Pictures,35,58,Comedy,Comedy,3615,23775,254.464,332.3,586.764,80,7.33455,85.946
The Help,DreamWorks Pictures,75,91,Maturation,Drama,2534,10278,169.708,46.931,216.639,25,8.66556,26.044
The Ides of March,Columbia,85,76,Transformation,Thriller,2199,4761,40.962,35.03,75.992,12.5,6.07936,10.47
The Iron Lady,Weinstein Company,53,54,,Drama,802,6749,30.017,84.938,114.955,13,8.842692308,5.41
The Lincoln Lawyer,Lionsgate,84,82,Fish Out Of Water,Drama,2707,4879,58.009,17,75.009,40,1.875225,13.206
The Mechanic,Independent,53,52,Revenge,Action,2703,4226,29.121,21.949,51.07,40,1.27675,11.4
The Muppets,Disney,97,87,Quest,Comedy,3440,8500,88.631,76.553,165.184,45,3.670755556,29.239
The Rite,Warner Bros,20,43,Monster Force,Horror,2985,4955,33.047,63,96.047,37,2.595864865,14.8
The Roommate,Independent,4,29,Monster Force,Horror,2534,5921,37.3,3.192,40.492,16,2.53075,15.002
The Rum Diary,Independent,50,48,Discovery,Drama,2273,2259,13.109,10.837,23.946,45,0.532133333,5.135
The Sitter,Fox,22,43,,Comedy,2750,2582,30.441,4.5,34.941,25,1.39764,9.85
The Smurfs,Sony Pictures Animation,23,50,Fish Out Of Water,Animation,3395,10489,142.614,421.135,563.749,110,5.124990909,35.611
The Thing,Universal,36,52,Monster Force,Horror,2996,2835,16.928,10.5,27.428,38,0.721789474,8.493
The Three Musketeers,Independent,24,48,Rivalry,Action,3017,2875,20.374,111.9,132.274,75,1.763653333,8.674
The Tree Of Life,Independent,84,61,Discovery,Drama,4,93230,13.303,41,54.303,32,1.69696875,0.372
Thor,Disney,77,80,Monster Force,Action,3955,16618,181.03,268.29,449.32,150,2.995466667,65.723
Tinker Tailor Soldier Spy,Focus,83,68,,Thriller,809,6772,24.149,56.481,80.63,21,3.83952381,5.47
Tower Heist,Relativity,68,61,Revenge,Comedy,3367,7135,78.04,74.884,152.924,75,2.038986667,24.025
Transformers: Dark of the Moon,DreamWorks Pictures,35,67,Quest,Action,4088,23937,352.39,771.4,1123.79,195,5.763025641,97.852
Twilight: Breaking Dawn,Independent,26,68,Love,Romance,4061,34012,281.29,430.88,712.17,110,6.474272727,138.122
Unknown,Independent,55,57,The Riddle,Thriller,3043,7183,63.686,67.1,130.786,30,4.359533333,21.856
War Horse,Disney,77,73,,Drama,2376,6114,79.884,97.7,177.584,66,2.690666667,14.52
Warrior,Lionsgate,83,93,Rivalry,Action,1869,2805,13.657,9.4,23.057,25,0.92228,5.242
Water For Elephants,20th Century Fox,60,72,Love,Drama,2817,5979,58.709,58.385,117.094,38,3.081421053,16.842
We Bought a Zoo,Fox,63,79,,Comedy,3117,3003,75.624,44.457,120.081,50,2.40162,9.36
What's Your Number,20th Century Fox,24,50,Transformation,Comedy,3002,1806,14.011,16.415,30.426,20,1.5213,5.421
Winnie The Pooh,Disney,91,79,Quest,Animation,2405,3267,26.692,6.46,33.152,30,1.105066667,7.857
X-Men: First Class,Disney,87,88,Monster Force,Action,3641,15134,146.408,207.215,353.623,160,2.21014375,55.101
Your Highness,Universal,26,36,Comedy,Comedy,2769,3380,21.596,3.26,24.856,49.9,0.498116232,9.36
Zookeeper,Happy Madison Productions,14,42,Comedy,Comedy,3482,5763,80.36,89.491,169.851,80,2.1231375,20.065
